{
  "minHashWeight": 4.194176078378011,
  "minHashScore": 0.08223874663486297,
  "medianHashWeight": 38.45203429037961,
  "medianHashScore": 0.3239324357620311,
  "maxHashWeight": 73.14791128044631,
  "maxHashScore": 0.480537515127976
}